Sticker Name,Quality,Qty,Cost/Unit (AUD),Total Cost (AUD),Current Price (AUD),Total Value (AUD),Profit/Loss (AUD),ROI %,Steam Market Link
910,Embroidered,2,0.35,0.70,0.04,0.08,-0.62,-88.6%,https://steamcommunity.com/market/listings/730/Sticker%20%7C%20910%20(Embroidered)%20%7C%20Budapest%202025
910,Normal,14,0.35,4.90,0.03,0.42,-4.48,-91.4%,https://steamcommunity.com/market/listings/730/Sticker%20%7C%20910%20%7C%20Budapest%202025
Aleksib,Embroidered,3,0.35,1.05,0.05,0.15,-0.90,-85.7%,https://steamcommunity.com/market/listings/730/Sticker%20%7C%20Aleksib%20(Embroidered)%20%7C%20Budapest%202025
Aleksib,Normal,3,0.35,1.05,0.03,0.09,-0.96,-91.4%,https://steamcommunity.com/market/listings/730/Sticker%20%7C%20Aleksib%20%7C%20Budapest%202025
alex666,Embroidered,1,0.35,0.35,0.04,0.04,-0.31,-88.6%,https://steamcommunity.com/market/listings/730/Sticker%20%7C%20alex666%20(Embroidered)%20%7C%20Budapest%202025
alex666,Holo,1,0.35,0.35,1.78,1.78,1.43,408.6%,https://steamcommunity.com/market/listings/730/Sticker%20%7C%20alex666%20(Holo)%20%7C%20Budapest%202025
alex666,Normal,5,0.35,1.75,0.03,0.15,-1.60,-91.4%,https://steamcommunity.com/market/listings/730/Sticker%20%7C%20alex666%20%7C%20Budapest%202025
apEX,Embroidered,1,0.35,0.35,0.03,0.03,-0.32,-91.4%,https://steamcommunity.com/market/listings/730/Sticker%20%7C%20apEX%20(Embroidered)%20%7C%20Budapest%202025
apEX,Embroidered (Champion),1,0.35,0.35,0.03,0.03,-0.32,-91.4%,https://steamcommunity.com/market/listings/730/Sticker%20%7C%20apEX%20(Embroidered%2C%20Champion)%20%7C%20Budapest%202025
apEX,Holo (Champion),1,0.35,0.35,0.21,0.21,-0.14,-40.0%,https://steamcommunity.com/market/listings/730/Sticker%20%7C%20apEX%20(Holo%2C%20Champion)%20%7C%20Budapest%202025
apEX,Normal,4,0.35,1.40,0.03,0.12,-1.28,-91.4%,https://steamcommunity.com/market/listings/730/Sticker%20%7C%20apEX%20%7C%20Budapest%202025
apEX,Normal (Champion),12,0.35,4.20,0.03,0.36,-3.84,-91.4%,https://steamcommunity.com/market/listings/730/Sticker%20%7C%20apEX%20(Champion)%20%7C%20Budapest%202025
arT,Gold,1,0.35,0.35,5.54,5.54,5.19,1482.9%,https://steamcommunity.com/market/listings/730/Sticker%20%7C%20arT%20(Gold)%20%7C%20Budapest%202025
arT,Holo,1,0.35,0.35,1.72,1.72,1.37,391.4%,https://steamcommunity.com/market/listings/730/Sticker%20%7C%20arT%20(Holo)%20%7C%20Budapest%202025
arT,Normal,5,0.35,1.75,0.03,0.15,-1.60,-91.4%,https://steamcommunity.com/market/listings/730/Sticker%20%7C%20arT%20%7C%20Budapest%202025
Astralis,Normal,4,0.35,1.40,0.03,0.12,-1.28,-91.4%,https://steamcommunity.com/market/listings/730/Sticker%20%7C%20Astralis%20%7C%20Budapest%202025
Attacker,Embroidered,1,0.35,0.35,0.07,0.07,-0.28,-80.0%,https://steamcommunity.com/market/listings/730/Sticker%20%7C%20Attacker%20(Embroidered)%20%7C%20Budapest%202025
Attacker,Normal,3,0.35,1.05,0.03,0.09,-0.96,-91.4%,https://steamcommunity.com/market/listings/730/Sticker%20%7C%20Attacker%20%7C%20Budapest%202025
Aurora,Holo,1,0.35,0.35,5.37,5.37,5.02,1434.3%,https://steamcommunity.com/market/listings/730/Sticker%20%7C%20Aurora%20(Holo)%20%7C%20Budapest%202025
Aurora,Normal,1,0.35,0.35,0.03,0.03,-0.32,-91.4%,https://steamcommunity.com/market/listings/730/Sticker%20%7C%20Aurora%20%7C%20Budapest%202025
AW,Embroidered,1,0.35,0.35,0.05,0.05,-0.30,-85.7%,https://steamcommunity.com/market/listings/730/Sticker%20%7C%20AW%20(Embroidered)%20%7C%20Budapest%202025
AW,Normal,11,0.35,3.85,0.03,0.33,-3.52,-91.4%,https://steamcommunity.com/market/listings/730/Sticker%20%7C%20AW%20%7C%20Budapest%202025
b1t,Normal,6,0.35,2.10,0.03,0.18,-1.92,-91.4%,https://steamcommunity.com/market/listings/730/Sticker%20%7C%20b1t%20%7C%20Budapest%202025
B8,Normal,4,0.35,1.40,0.03,0.12,-1.28,-91.4%,https://steamcommunity.com/market/listings/730/Sticker%20%7C%20B8%20%7C%20Budapest%202025
Bart4k,Embroidered,1,0.35,0.35,0.04,0.04,-0.31,-88.6%,https://steamcommunity.com/market/listings/730/Sticker%20%7C%20Bart4k%20(Embroidered)%20%7C%20Budapest%202025
Bart4k,Normal,8,0.35,2.80,0.03,0.24,-2.56,-91.4%,https://steamcommunity.com/market/listings/730/Sticker%20%7C%20Bart4k%20%7C%20Budapest%202025
BELCHONOKK,Normal,6,0.35,2.10,0.03,0.18,-1.92,-91.4%,https://steamcommunity.com/market/listings/730/Sticker%20%7C%20BELCHONOKK%20%7C%20Budapest%202025
biguzera,Embroidered,1,0.35,0.35,0.04,0.04,-0.31,-88.6%,https://steamcommunity.com/market/listings/730/Sticker%20%7C%20biguzera%20(Embroidered)%20%7C%20Budapest%202025
biguzera,Holo,1,0.35,0.35,0.64,0.64,0.29,82.9%,https://steamcommunity.com/market/listings/730/Sticker%20%7C%20biguzera%20(Holo)%20%7C%20Budapest%202025
biguzera,Normal,10,0.35,3.50,0.03,0.30,-3.20,-91.4%,https://steamcommunity.com/market/listings/730/Sticker%20%7C%20biguzera%20%7C%20Budapest%202025
blameF,Embroidered,2,0.35,0.70,0.04,0.08,-0.62,-88.6%,https://steamcommunity.com/market/listings/730/Sticker%20%7C%20blameF%20(Embroidered)%20%7C%20Budapest%202025
blameF,Normal,5,0.35,1.75,0.03,0.15,-1.60,-91.4%,https://steamcommunity.com/market/listings/730/Sticker%20%7C%20blameF%20%7C%20Budapest%202025
bLitz,Embroidered,4,0.35,1.40,0.03,0.12,-1.28,-91.4%,https://steamcommunity.com/market/listings/730/Sticker%20%7C%20bLitz%20(Embroidered)%20%7C%20Budapest%202025
bLitz,Gold,1,0.35,0.35,1.27,1.27,0.92,262.9%,https://steamcommunity.com/market/listings/730/Sticker%20%7C%20bLitz%20(Gold)%20%7C%20Budapest%202025
bLitz,Normal,13,0.35,4.55,0.03,0.39,-4.16,-91.4%,https://steamcommunity.com/market/listings/730/Sticker%20%7C%20bLitz%20%7C%20Budapest%202025
bodyy,Embroidered,1,0.35,0.35,0.04,0.04,-0.31,-88.6%,https://steamcommunity.com/market/listings/730/Sticker%20%7C%20bodyy%20(Embroidered)%20%7C%20Budapest%202025
bodyy,Normal,4,0.35,1.40,0.03,0.12,-1.28,-91.4%,https://steamcommunity.com/market/listings/730/Sticker%20%7C%20bodyy%20%7C%20Budapest%202025
br0,Embroidered,1,0.35,0.35,0.05,0.05,-0.30,-85.7%,https://steamcommunity.com/market/listings/730/Sticker%20%7C%20br0%20(Embroidered)%20%7C%20Budapest%202025
br0,Normal,6,0.35,2.10,0.03,0.18,-1.92,-91.4%,https://steamcommunity.com/market/listings/730/Sticker%20%7C%20br0%20%7C%20Budapest%202025
brnz4n,Normal,6,0.35,2.10,0.03,0.18,-1.92,-91.4%,https://steamcommunity.com/market/listings/730/Sticker%20%7C%20brnz4n%20%7C%20Budapest%202025
broky,Holo,1,0.35,0.35,1.29,1.29,0.94,268.6%,https://steamcommunity.com/market/listings/730/Sticker%20%7C%20broky%20(Holo)%20%7C%20Budapest%202025
broky,Normal,3,0.35,1.05,0.03,0.09,-0.96,-91.4%,https://steamcommunity.com/market/listings/730/Sticker%20%7C%20broky%20%7C%20Budapest%202025
Brollan,Embroidered,1,0.35,0.35,0.04,0.04,-0.31,-88.6%,https://steamcommunity.com/market/listings/730/Sticker%20%7C%20Brollan%20(Embroidered)%20%7C%20Budapest%202025
Brollan,Normal,13,0.35,4.55,0.03,0.39,-4.16,-91.4%,https://steamcommunity.com/market/listings/730/Sticker%20%7C%20Brollan%20%7C%20Budapest%202025
C4LLM3SU3,Embroidered,1,0.35,0.35,0.26,0.26,-0.09,-25.7%,https://steamcommunity.com/market/listings/730/Sticker%20%7C%20C4LLM3SU3%20(Embroidered)%20%7C%20Budapest%202025
C4LLM3SU3,Gold,1,0.35,0.35,39.11,39.11,38.76,11074.3%,https://steamcommunity.com/market/listings/730/Sticker%20%7C%20C4LLM3SU3%20(Gold)%20%7C%20Budapest%202025
C4LLM3SU3,Holo,1,0.35,0.35,7.71,7.71,7.36,2102.9%,https://steamcommunity.com/market/listings/730/Sticker%20%7C%20C4LLM3SU3%20(Holo)%20%7C%20Budapest%202025
C4LLM3SU3,Normal,10,0.35,3.50,0.05,0.50,-3.00,-85.7%,https://steamcommunity.com/market/listings/730/Sticker%20%7C%20C4LLM3SU3%20%7C%20Budapest%202025
chayJESUS,Embroidered,3,0.35,1.05,0.08,0.24,-0.81,-77.1%,https://steamcommunity.com/market/listings/730/Sticker%20%7C%20chayJESUS%20(Embroidered)%20%7C%20Budapest%202025
chayJESUS,Normal,7,0.35,2.45,0.03,0.21,-2.24,-91.4%,https://steamcommunity.com/market/listings/730/Sticker%20%7C%20chayJESUS%20%7C%20Budapest%202025
chelo,Embroidered,1,0.35,0.35,0.07,0.07,-0.28,-80.0%,https://steamcommunity.com/market/listings/730/Sticker%20%7C%20chelo%20(Embroidered)%20%7C%20Budapest%202025
chelo,Normal,4,0.35,1.40,0.04,0.16,-1.24,-88.6%,https://steamcommunity.com/market/listings/730/Sticker%20%7C%20chelo%20%7C%20Budapest%202025
ChildKing,Embroidered,2,0.35,0.70,0.25,0.50,-0.20,-28.6%,https://steamcommunity.com/market/listings/730/Sticker%20%7C%20ChildKing%20(Embroidered)%20%7C%20Budapest%202025
ChildKing,Normal,4,0.35,1.40,0.11,0.44,-0.96,-68.6%,https://steamcommunity.com/market/listings/730/Sticker%20%7C%20ChildKing%20%7C%20Budapest%202025
chopper,Embroidered,3,0.35,1.05,0.03,0.09,-0.96,-91.4%,https://steamcommunity.com/market/listings/730/Sticker%20%7C%20chopper%20(Embroidered)%20%7C%20Budapest%202025
chopper,Normal,6,0.35,2.10,0.03,0.18,-1.92,-91.4%,https://steamcommunity.com/market/listings/730/Sticker%20%7C%20chopper%20%7C%20Budapest%202025
cobra,Embroidered,2,0.35,0.70,0.28,0.56,-0.14,-20.0%,https://steamcommunity.com/market/listings/730/Sticker%20%7C%20cobra%20(Embroidered)%20%7C%20Budapest%202025
cobra,Normal,8,0.35,2.80,0.04,0.32,-2.48,-88.6%,https://steamcommunity.com/market/listings/730/Sticker%20%7C%20cobra%20%7C%20Budapest%202025
Cypher,Normal,9,0.35,3.15,0.03,0.27,-2.88,-91.4%,https://steamcommunity.com/market/listings/730/Sticker%20%7C%20Cypher%20%7C%20Budapest%202025
dav1deuS,Embroidered,4,0.35,1.40,0.03,0.12,-1.28,-91.4%,https://steamcommunity.com/market/listings/730/Sticker%20%7C%20dav1deuS%20(Embroidered)%20%7C%20Budapest%202025
dav1deuS,Normal,13,0.35,4.55,0.03,0.39,-4.16,-91.4%,https://steamcommunity.com/market/listings/730/Sticker%20%7C%20dav1deuS%20%7C%20Budapest%202025
decenty,Embroidered,4,0.35,1.40,0.08,0.32,-1.08,-77.1%,https://steamcommunity.com/market/listings/730/Sticker%20%7C%20decenty%20(Embroidered)%20%7C%20Budapest%202025
decenty,Holo,1,0.35,0.35,1.07,1.07,0.72,205.7%,https://steamcommunity.com/market/listings/730/Sticker%20%7C%20decenty%20(Holo)%20%7C%20Budapest%202025
decenty,Normal,8,0.35,2.80,0.03,0.24,-2.56,-91.4%,https://steamcommunity.com/market/listings/730/Sticker%20%7C%20decenty%20%7C%20Budapest%202025
device,Embroidered,1,0.35,0.35,0.28,0.28,-0.07,-20.0%,https://steamcommunity.com/market/listings/730/Sticker%20%7C%20device%20(Embroidered)%20%7C%20Budapest%202025
device,Normal,6,0.35,2.10,0.10,0.60,-1.50,-71.4%,https://steamcommunity.com/market/listings/730/Sticker%20%7C%20device%20%7C%20Budapest%202025
dgt,Embroidered,3,0.35,1.05,0.03,0.09,-0.96,-91.4%,https://steamcommunity.com/market/listings/730/Sticker%20%7C%20dgt%20(Embroidered)%20%7C%20Budapest%202025
dgt,Normal,7,0.35,2.45,0.03,0.21,-2.24,-91.4%,https://steamcommunity.com/market/listings/730/Sticker%20%7C%20dgt%20%7C%20Budapest%202025
donk,Embroidered,1,0.35,0.35,0.49,0.49,0.14,40.0%,https://steamcommunity.com/market/listings/730/Sticker%20%7C%20donk%20(Embroidered)%20%7C%20Budapest%202025
donk,Normal,8,0.35,2.80,0.13,1.04,-1.76,-62.9%,https://steamcommunity.com/market/listings/730/Sticker%20%7C%20donk%20%7C%20Budapest%202025
drop,Embroidered,4,0.35,1.40,0.19,0.76,-0.64,-45.7%,https://steamcommunity.com/market/listings/730/Sticker%20%7C%20drop%20(Embroidered)%20%7C%20Budapest%202025
drop,Normal,6,0.35,2.10,0.14,0.84,-1.26,-60.0%,https://steamcommunity.com/market/listings/730/Sticker%20%7C%20drop%20%7C%20Budapest%202025
dumau,Embroidered,1,0.35,0.35,0.35,0.35,0.00,0.0%,https://steamcommunity.com/market/listings/730/Sticker%20%7C%20dumau%20(Embroidered)%20%7C%20Budapest%202025
dumau,Normal,6,0.35,2.10,0.07,0.42,-1.68,-80.0%,https://steamcommunity.com/market/listings/730/Sticker%20%7C%20dumau%20%7C%20Budapest%202025
EliGE,Embroidered,1,0.35,0.35,0.04,0.04,-0.31,-88.6%,https://steamcommunity.com/market/listings/730/Sticker%20%7C%20EliGE%20(Embroidered)%20%7C%20Budapest%202025
EliGE,Normal,4,0.35,1.40,0.03,0.12,-1.28,-91.4%,https://steamcommunity.com/market/listings/730/Sticker%20%7C%20EliGE%20%7C%20Budapest%202025
EmiliaQAQ,Embroidered,1,0.35,0.35,0.15,0.15,-0.20,-57.1%,https://steamcommunity.com/market/listings/730/Sticker%20%7C%20EmiliaQAQ%20(Embroidered)%20%7C%20Budapest%202025
EmiliaQAQ,Gold,1,0.35,0.35,17.66,17.66,17.31,4945.7%,https://steamcommunity.com/market/listings/730/Sticker%20%7C%20EmiliaQAQ%20(Gold)%20%7C%20Budapest%202025
EmiliaQAQ,Normal,5,0.35,1.75,0.03,0.15,-1.60,-91.4%,https://steamcommunity.com/market/listings/730/Sticker%20%7C%20EmiliaQAQ%20%7C%20Budapest%202025
esenthial,Embroidered,1,0.35,0.35,0.03,0.03,-0.32,-91.4%,https://steamcommunity.com/market/listings/730/Sticker%20%7C%20esenthial%20(Embroidered)%20%7C%20Budapest%202025
esenthial,Normal,7,0.35,2.45,0.03,0.21,-2.24,-91.4%,https://steamcommunity.com/market/listings/730/Sticker%20%7C%20esenthial%20%7C%20Budapest%202025
ewjerkz,Embroidered,1,0.35,0.35,0.04,0.04,-0.31,-88.6%,https://steamcommunity.com/market/listings/730/Sticker%20%7C%20ewjerkz%20(Embroidered)%20%7C%20Budapest%202025
ewjerkz,Normal,7,0.35,2.45,0.03,0.21,-2.24,-91.4%,https://steamcommunity.com/market/listings/730/Sticker%20%7C%20ewjerkz%20%7C%20Budapest%202025
Ex3rcice,Embroidered,1,0.35,0.35,0.04,0.04,-0.31,-88.6%,https://steamcommunity.com/market/listings/730/Sticker%20%7C%20Ex3rcice%20(Embroidered)%20%7C%20Budapest%202025
Ex3rcice,Holo,1,0.35,0.35,0.50,0.50,0.15,42.9%,https://steamcommunity.com/market/listings/730/Sticker%20%7C%20Ex3rcice%20(Holo)%20%7C%20Budapest%202025
Ex3rcice,Normal,5,0.35,1.75,0.03,0.15,-1.60,-91.4%,https://steamcommunity.com/market/listings/730/Sticker%20%7C%20Ex3rcice%20%7C%20Budapest%202025
exit,Normal,2,0.35,0.70,0.03,0.06,-0.64,-91.4%,https://steamcommunity.com/market/listings/730/Sticker%20%7C%20exit%20%7C%20Budapest%202025
Falcons,Embroidered,1,0.35,0.35,0.13,0.13,-0.22,-62.9%,https://steamcommunity.com/market/listings/730/Sticker%20%7C%20Falcons%20(Embroidered)%20%7C%20Budapest%202025
Falcons,Normal,4,0.35,1.40,0.03,0.12,-1.28,-91.4%,https://steamcommunity.com/market/listings/730/Sticker%20%7C%20Falcons%20%7C%20Budapest%202025
FalleN,Embroidered,3,0.35,1.05,0.12,0.36,-0.69,-65.7%,https://steamcommunity.com/market/listings/730/Sticker%20%7C%20FalleN%20(Embroidered)%20%7C%20Budapest%202025
FalleN,Normal,14,0.35,4.90,0.05,0.70,-4.20,-85.7%,https://steamcommunity.com/market/listings/730/Sticker%20%7C%20FalleN%20%7C%20Budapest%202025
FaZe Clan,Normal,1,0.35,0.35,0.03,0.03,-0.32,-91.4%,https://steamcommunity.com/market/listings/730/Sticker%20%7C%20FaZe%20Clan%20%7C%20Budapest%202025
fEAR,Embroidered,2,0.35,0.70,0.04,0.08,-0.62,-88.6%,https://steamcommunity.com/market/listings/730/Sticker%20%7C%20fEAR%20(Embroidered)%20%7C%20Budapest%202025
fEAR,Holo,1,0.35,0.35,0.89,0.89,0.54,154.3%,https://steamcommunity.com/market/listings/730/Sticker%20%7C%20fEAR%20(Holo)%20%7C%20Budapest%202025
fEAR,Normal,9,0.35,3.15,0.03,0.27,-2.88,-91.4%,https://steamcommunity.com/market/listings/730/Sticker%20%7C%20fEAR%20%7C%20Budapest%202025
FlameZ,Embroidered,2,0.35,0.70,0.03,0.06,-0.64,-91.4%,https://steamcommunity.com/market/listings/730/Sticker%20%7C%20FlameZ%20(Embroidered)%20%7C%20Budapest%202025
FlameZ,Holo,1,0.35,0.35,0.49,0.49,0.14,40.0%,https://steamcommunity.com/market/listings/730/Sticker%20%7C%20FlameZ%20(Holo)%20%7C%20Budapest%202025
FlameZ,Normal,9,0.35,3.15,0.03,0.27,-2.88,-91.4%,https://steamcommunity.com/market/listings/730/Sticker%20%7C%20FlameZ%20%7C%20Budapest%202025
FlameZ,Normal (Champion),8,0.35,2.80,0.03,0.24,-2.56,-91.4%,https://steamcommunity.com/market/listings/730/Sticker%20%7C%20FlameZ%20(Champion)%20%7C%20Budapest%202025
Fluxo,Normal,2,0.35,0.70,0.03,0.06,-0.64,-91.4%,https://steamcommunity.com/market/listings/730/Sticker%20%7C%20Fluxo%20%7C%20Budapest%202025
fnatic,Normal,2,0.35,0.70,0.03,0.06,-0.64,-91.4%,https://steamcommunity.com/market/listings/730/Sticker%20%7C%20fnatic%20%7C%20Budapest%202025
frozen,Normal,10,0.35,3.50,0.03,0.30,-3.20,-91.4%,https://steamcommunity.com/market/listings/730/Sticker%20%7C%20frozen%20%7C%20Budapest%202025
FURIA,Normal,4,0.35,1.40,0.03,0.12,-1.28,-91.4%,https://steamcommunity.com/market/listings/730/Sticker%20%7C%20FURIA%20%7C%20Budapest%202025
G2 esports,Embroidered,2,0.35,0.70,0.05,0.10,-0.60,-85.7%,https://steamcommunity.com/market/listings/730/Sticker%20%7C%20G2%20esports%20(Embroidered)%20%7C%20Budapest%202025
G2 esports,Gold,1,0.35,0.35,1.90,1.90,1.55,442.9%,https://steamcommunity.com/market/listings/730/Sticker%20%7C%20G2%20esports%20(Gold)%20%7C%20Budapest%202025
G2 esports,Normal,5,0.35,1.75,0.03,0.15,-1.60,-91.4%,https://steamcommunity.com/market/listings/730/Sticker%20%7C%20G2%20esports%20%7C%20Budapest%202025
GamerLegion,Normal,1,0.35,0.35,0.03,0.03,-0.32,-91.4%,https://steamcommunity.com/market/listings/730/Sticker%20%7C%20GamerLegion%20%7C%20Budapest%202025
Graviti,Embroidered,1,0.35,0.35,0.04,0.04,-0.31,-88.6%,https://steamcommunity.com/market/listings/730/Sticker%20%7C%20Graviti%20(Embroidered)%20%7C%20Budapest%202025
Graviti,Normal,3,0.35,1.05,0.03,0.09,-0.96,-91.4%,https://steamcommunity.com/market/listings/730/Sticker%20%7C%20Graviti%20%7C%20Budapest%202025
Grim,Embroidered,2,0.35,0.70,0.04,0.08,-0.62,-88.6%,https://steamcommunity.com/market/listings/730/Sticker%20%7C%20Grim%20(Embroidered)%20%7C%20Budapest%202025
Grim,Normal,2,0.35,0.70,0.03,0.06,-0.64,-91.4%,https://steamcommunity.com/market/listings/730/Sticker%20%7C%20Grim%20%7C%20Budapest%202025
hallzerk,Embroidered,3,0.35,1.05,0.03,0.09,-0.96,-91.4%,https://steamcommunity.com/market/listings/730/Sticker%20%7C%20hallzerk%20(Embroidered)%20%7C%20Budapest%202025
hallzerk,Holo,1,0.35,0.35,0.58,0.58,0.23,65.7%,https://steamcommunity.com/market/listings/730/Sticker%20%7C%20hallzerk%20(Holo)%20%7C%20Budapest%202025
hallzerk,Normal,9,0.35,3.15,0.03,0.27,-2.88,-91.4%,https://steamcommunity.com/market/listings/730/Sticker%20%7C%20hallzerk%20%7C%20Budapest%202025
headtr1ck,Embroidered,1,0.35,0.35,0.03,0.03,-0.32,-91.4%,https://steamcommunity.com/market/listings/730/Sticker%20%7C%20headtr1ck%20(Embroidered)%20%7C%20Budapest%202025
headtr1ck,Normal,8,0.35,2.80,0.03,0.24,-2.56,-91.4%,https://steamcommunity.com/market/listings/730/Sticker%20%7C%20headtr1ck%20%7C%20Budapest%202025
Heavygod,Embroidered,4,0.35,1.40,0.04,0.16,-1.24,-88.6%,https://steamcommunity.com/market/listings/730/Sticker%20%7C%20Heavygod%20(Embroidered)%20%7C%20Budapest%202025
Heavygod,Normal,10,0.35,3.50,0.03,0.30,-3.20,-91.4%,https://steamcommunity.com/market/listings/730/Sticker%20%7C%20Heavygod%20%7C%20Budapest%202025
HexT,Embroidered,4,0.35,1.40,0.04,0.16,-1.24,-88.6%,https://steamcommunity.com/market/listings/730/Sticker%20%7C%20HexT%20(Embroidered)%20%7C%20Budapest%202025
HexT,Normal,3,0.35,1.05,0.03,0.09,-0.96,-91.4%,https://steamcommunity.com/market/listings/730/Sticker%20%7C%20HexT%20%7C%20Budapest%202025
History,Embroidered,1,0.35,0.35,0.04,0.04,-0.31,-88.6%,https://steamcommunity.com/market/listings/730/Sticker%20%7C%20History%20(Embroidered)%20%7C%20Budapest%202025
History,Normal,6,0.35,2.10,0.03,0.18,-1.92,-91.4%,https://steamcommunity.com/market/listings/730/Sticker%20%7C%20History%20%7C%20Budapest%202025
HooXi,Embroidered,2,0.35,0.70,0.05,0.10,-0.60,-85.7%,https://steamcommunity.com/market/listings/730/Sticker%20%7C%20HooXi%20(Embroidered)%20%7C%20Budapest%202025
HooXi,Gold,1,0.35,0.35,13.98,13.98,13.63,3894.3%,https://steamcommunity.com/market/listings/730/Sticker%20%7C%20HooXi%20(Gold)%20%7C%20Budapest%202025
HooXi,Holo,1,0.35,0.35,0.99,0.99,0.64,182.9%,https://steamcommunity.com/market/listings/730/Sticker%20%7C%20HooXi%20(Holo)%20%7C%20Budapest%202025
HooXi,Normal,3,0.35,1.05,0.03,0.09,-0.96,-91.4%,https://steamcommunity.com/market/listings/730/Sticker%20%7C%20HooXi%20%7C%20Budapest%202025
huNter-,Embroidered,2,0.35,0.70,0.04,0.08,-0.62,-88.6%,https://steamcommunity.com/market/listings/730/Sticker%20%7C%20huNter-%20(Embroidered)%20%7C%20Budapest%202025
huNter-,Normal,9,0.35,3.15,0.03,0.27,-2.88,-91.4%,https://steamcommunity.com/market/listings/730/Sticker%20%7C%20huNter-%20%7C%20Budapest%202025
iM,Embroidered,2,0.35,0.70,0.05,0.10,-0.60,-85.7%,https://steamcommunity.com/market/listings/730/Sticker%20%7C%20iM%20(Embroidered)%20%7C%20Budapest%202025
iM,Normal,1,0.35,0.35,0.03,0.03,-0.32,-91.4%,https://steamcommunity.com/market/listings/730/Sticker%20%7C%20iM%20%7C%20Budapest%202025
INS,Embroidered,1,0.35,0.35,0.16,0.16,-0.19,-54.3%,https://steamcommunity.com/market/listings/730/Sticker%20%7C%20INS%20(Embroidered)%20%7C%20Budapest%202025
INS,Normal,5,0.35,1.75,0.05,0.25,-1.50,-85.7%,https://steamcommunity.com/market/listings/730/Sticker%20%7C%20INS%20%7C%20Budapest%202025
insani,Embroidered,2,0.35,0.70,0.04,0.08,-0.62,-88.6%,https://steamcommunity.com/market/listings/730/Sticker%20%7C%20insani%20(Embroidered)%20%7C%20Budapest%202025
insani,Normal,3,0.35,1.05,0.03,0.09,-0.96,-91.4%,https://steamcommunity.com/market/listings/730/Sticker%20%7C%20insani%20%7C%20Budapest%202025
jabbi,Embroidered,2,0.35,0.70,0.04,0.08,-0.62,-88.6%,https://steamcommunity.com/market/listings/730/Sticker%20%7C%20jabbi%20(Embroidered)%20%7C%20Budapest%202025
jabbi,Normal,2,0.35,0.70,0.03,0.06,-0.64,-91.4%,https://steamcommunity.com/market/listings/730/Sticker%20%7C%20jabbi%20%7C%20Budapest%202025
jambo,Embroidered,1,0.35,0.35,0.03,0.03,-0.32,-91.4%,https://steamcommunity.com/market/listings/730/Sticker%20%7C%20jambo%20(Embroidered)%20%7C%20Budapest%202025
jambo,Normal,4,0.35,1.40,0.03,0.12,-1.28,-91.4%,https://steamcommunity.com/market/listings/730/Sticker%20%7C%20jambo%20%7C%20Budapest%202025
Jame,Embroidered,2,0.35,0.70,0.37,0.74,0.04,5.7%,https://steamcommunity.com/market/listings/730/Sticker%20%7C%20Jame%20(Embroidered)%20%7C%20Budapest%202025
Jame,Normal,6,0.35,2.10,0.15,0.90,-1.20,-57.1%,https://steamcommunity.com/market/listings/730/Sticker%20%7C%20Jame%20%7C%20Budapest%202025
JamYoung,Embroidered,1,0.35,0.35,0.53,0.53,0.18,51.4%,https://steamcommunity.com/market/listings/730/Sticker%20%7C%20JamYoung%20(Embroidered)%20%7C%20Budapest%202025
JamYoung,Normal,11,0.35,3.85,0.15,1.65,-2.20,-57.1%,https://steamcommunity.com/market/listings/730/Sticker%20%7C%20JamYoung%20%7C%20Budapest%202025
jcobbb,Embroidered,1,0.35,0.35,0.32,0.32,-0.03,-8.6%,https://steamcommunity.com/market/listings/730/Sticker%20%7C%20jcobbb%20(Embroidered)%20%7C%20Budapest%202025
jcobbb,Holo,1,0.35,0.35,3.48,3.48,3.13,894.3%,https://steamcommunity.com/market/listings/730/Sticker%20%7C%20jcobbb%20(Holo)%20%7C%20Budapest%202025
jcobbb,Normal,10,0.35,3.50,0.10,1.00,-2.50,-71.4%,https://steamcommunity.com/market/listings/730/Sticker%20%7C%20jcobbb%20%7C%20Budapest%202025
Jee,Embroidered,1,0.35,0.35,0.14,0.14,-0.21,-60.0%,https://steamcommunity.com/market/listings/730/Sticker%20%7C%20Jee%20(Embroidered)%20%7C%20Budapest%202025
Jee,Normal,7,0.35,2.45,0.04,0.28,-2.17,-88.6%,https://steamcommunity.com/market/listings/730/Sticker%20%7C%20Jee%20%7C%20Budapest%202025
jeorge,Normal,4,0.35,1.40,0.03,0.12,-1.28,-91.4%,https://steamcommunity.com/market/listings/730/Sticker%20%7C%20jeorge%20%7C%20Budapest%202025
Jimpphat,Normal,4,0.35,1.40,0.03,0.12,-1.28,-91.4%,https://steamcommunity.com/market/listings/730/Sticker%20%7C%20Jimpphat%20%7C%20Budapest%202025
jks,Normal,4,0.35,1.40,0.03,0.12,-1.28,-91.4%,https://steamcommunity.com/market/listings/730/Sticker%20%7C%20jks%20%7C%20Budapest%202025
jottAAA,Holo,1,0.35,0.35,0.93,0.93,0.58,165.7%,https://steamcommunity.com/market/listings/730/Sticker%20%7C%20jottAAA%20(Holo)%20%7C%20Budapest%202025
jottAAA,Normal,7,0.35,2.45,0.03,0.21,-2.24,-91.4%,https://steamcommunity.com/market/listings/730/Sticker%20%7C%20jottAAA%20%7C%20Budapest%202025
JT,Normal,6,0.35,2.10,0.03,0.18,-1.92,-91.4%,https://steamcommunity.com/market/listings/730/Sticker%20%7C%20JT%20%7C%20Budapest%202025
karrigan,Embroidered,1,0.35,0.35,0.25,0.25,-0.10,-28.6%,https://steamcommunity.com/market/listings/730/Sticker%20%7C%20karrigan%20(Embroidered)%20%7C%20Budapest%202025
karrigan,Normal,5,0.35,1.75,0.03,0.15,-1.60,-91.4%,https://steamcommunity.com/market/listings/730/Sticker%20%7C%20karrigan%20%7C%20Budapest%202025
kauez,Embroidered,3,0.35,1.05,0.04,0.12,-0.93,-88.6%,https://steamcommunity.com/market/listings/730/Sticker%20%7C%20kauez%20(Embroidered)%20%7C%20Budapest%202025
kauez,Normal,3,0.35,1.05,0.03,0.09,-0.96,-91.4%,https://steamcommunity.com/market/listings/730/Sticker%20%7C%20kauez%20%7C%20Budapest%202025
kensizor,Normal,7,0.35,2.45,0.03,0.21,-2.24,-91.4%,https://steamcommunity.com/market/listings/730/Sticker%20%7C%20kensizor%20%7C%20Budapest%202025
kl1m,Embroidered,3,0.35,1.05,0.06,0.18,-0.87,-82.9%,https://steamcommunity.com/market/listings/730/Sticker%20%7C%20kl1m%20(Embroidered)%20%7C%20Budapest%202025
kl1m,Normal,3,0.35,1.05,0.03,0.09,-0.96,-91.4%,https://steamcommunity.com/market/listings/730/Sticker%20%7C%20kl1m%20%7C%20Budapest%202025
KRIMZ,Embroidered,1,0.35,0.35,0.04,0.04,-0.31,-88.6%,https://steamcommunity.com/market/listings/730/Sticker%20%7C%20KRIMZ%20(Embroidered)%20%7C%20Budapest%202025
KRIMZ,Normal,8,0.35,2.80,0.03,0.24,-2.56,-91.4%,https://steamcommunity.com/market/listings/730/Sticker%20%7C%20KRIMZ%20%7C%20Budapest%202025
KSCERATO,Embroidered,1,0.35,0.35,0.04,0.04,-0.31,-88.6%,https://steamcommunity.com/market/listings/730/Sticker%20%7C%20KSCERATO%20(Embroidered)%20%7C%20Budapest%202025
KSCERATO,Holo,1,0.35,0.35,0.57,0.57,0.22,62.9%,https://steamcommunity.com/market/listings/730/Sticker%20%7C%20KSCERATO%20(Holo)%20%7C%20Budapest%202025
KSCERATO,Normal,8,0.35,2.80,0.03,0.24,-2.56,-91.4%,https://steamcommunity.com/market/listings/730/Sticker%20%7C%20KSCERATO%20%7C%20Budapest%202025
Kursy,Embroidered,1,0.35,0.35,0.04,0.04,-0.31,-88.6%,https://steamcommunity.com/market/listings/730/Sticker%20%7C%20Kursy%20(Embroidered)%20%7C%20Budapest%202025
Kursy,Normal,3,0.35,1.05,0.03,0.09,-0.96,-91.4%,https://steamcommunity.com/market/listings/730/Sticker%20%7C%20Kursy%20%7C%20Budapest%202025
Kvem,Embroidered,1,0.35,0.35,0.04,0.04,-0.31,-88.6%,https://steamcommunity.com/market/listings/730/Sticker%20%7C%20Kvem%20(Embroidered)%20%7C%20Budapest%202025
Kvem,Normal,2,0.35,0.70,0.03,0.06,-0.64,-91.4%,https://steamcommunity.com/market/listings/730/Sticker%20%7C%20Kvem%20%7C%20Budapest%202025
kye,Embroidered,1,0.35,0.35,0.04,0.04,-0.31,-88.6%,https://steamcommunity.com/market/listings/730/Sticker%20%7C%20kye%20(Embroidered)%20%7C%20Budapest%202025
kye,Normal,6,0.35,2.10,0.03,0.18,-1.92,-91.4%,https://steamcommunity.com/market/listings/730/Sticker%20%7C%20kye%20%7C%20Budapest%202025
kyousuke,Embroidered,1,0.35,0.35,0.12,0.12,-0.23,-65.7%,https://steamcommunity.com/market/listings/730/Sticker%20%7C%20kyousuke%20(Embroidered)%20%7C%20Budapest%202025
kyousuke,Holo,1,0.35,0.35,4.30,4.30,3.95,1128.6%,https://steamcommunity.com/market/listings/730/Sticker%20%7C%20kyousuke%20(Holo)%20%7C%20Budapest%202025
kyousuke,Normal,15,0.35,5.25,0.04,0.60,-4.65,-88.6%,https://steamcommunity.com/market/listings/730/Sticker%20%7C%20kyousuke%20%7C%20Budapest%202025
kyxsan,Embroidered,2,0.35,0.70,0.04,0.08,-0.62,-88.6%,https://steamcommunity.com/market/listings/730/Sticker%20%7C%20kyxsan%20(Embroidered)%20%7C%20Budapest%202025
kyxsan,Holo,1,0.35,0.35,0.43,0.43,0.08,22.9%,https://steamcommunity.com/market/listings/730/Sticker%20%7C%20kyxsan%20(Holo)%20%7C%20Budapest%202025
kyxsan,Normal,11,0.35,3.85,0.03,0.33,-3.52,-91.4%,https://steamcommunity.com/market/listings/730/Sticker%20%7C%20kyxsan%20%7C%20Budapest%202025
L1haNg,Embroidered,1,0.35,0.35,0.06,0.06,-0.29,-82.9%,https://steamcommunity.com/market/listings/730/Sticker%20%7C%20L1haNg%20(Embroidered)%20%7C%20Budapest%202025
L1haNg,Normal,6,0.35,2.10,0.05,0.30,-1.80,-85.7%,https://steamcommunity.com/market/listings/730/Sticker%20%7C%20L1haNg%20%7C%20Budapest%202025
Lake,Normal,5,0.35,1.75,0.03,0.15,-1.60,-91.4%,https://steamcommunity.com/market/listings/730/Sticker%20%7C%20Lake%20%7C%20Budapest%202025
latto,Embroidered,4,0.35,1.40,0.04,0.16,-1.24,-88.6%,https://steamcommunity.com/market/listings/730/Sticker%20%7C%20latto%20(Embroidered)%20%7C%20Budapest%202025
latto,Normal,4,0.35,1.40,0.03,0.12,-1.28,-91.4%,https://steamcommunity.com/market/listings/730/Sticker%20%7C%20latto%20%7C%20Budapest%202025
Legacy,Normal,1,0.35,0.35,0.03,0.03,-0.32,-91.4%,https://steamcommunity.com/market/listings/730/Sticker%20%7C%20Legacy%20%7C%20Budapest%202025
Lucaozy,Normal,8,0.35,2.80,0.03,0.24,-2.56,-91.4%,https://steamcommunity.com/market/listings/730/Sticker%20%7C%20Lucaozy%20%7C%20Budapest%202025
Lucky,Embroidered,3,0.35,1.05,0.09,0.27,-0.78,-74.3%,https://steamcommunity.com/market/listings/730/Sticker%20%7C%20Lucky%20(Embroidered)%20%7C%20Budapest%202025
Lucky,Gold,1,0.35,0.35,7.27,7.27,6.92,1977.1%,https://steamcommunity.com/market/listings/730/Sticker%20%7C%20Lucky%20(Gold)%20%7C%20Budapest%202025
Lucky,Normal,3,0.35,1.05,0.04,0.12,-0.93,-88.6%,https://steamcommunity.com/market/listings/730/Sticker%20%7C%20Lucky%20%7C%20Budapest%202025
lux,Embroidered,2,0.35,0.70,0.34,0.68,-0.02,-2.9%,https://steamcommunity.com/market/listings/730/Sticker%20%7C%20lux%20(Embroidered)%20%7C%20Budapest%202025
lux,Gold,1,0.35,0.35,50.68,50.68,50.33,14380.0%,https://steamcommunity.com/market/listings/730/Sticker%20%7C%20lux%20(Gold)%20%7C%20Budapest%202025
lux,Normal,7,0.35,2.45,0.18,1.26,-1.19,-48.6%,https://steamcommunity.com/market/listings/730/Sticker%20%7C%20lux%20%7C%20Budapest%202025
Lynn Vision,Normal,2,0.35,0.70,0.03,0.06,-0.64,-91.4%,https://steamcommunity.com/market/listings/730/Sticker%20%7C%20Lynn%20Vision%20%7C%20Budapest%202025
m0NESY,Embroidered,2,0.35,0.70,0.26,0.52,-0.18,-25.7%,https://steamcommunity.com/market/listings/730/Sticker%20%7C%20m0NESY%20(Embroidered)%20%7C%20Budapest%202025
m0NESY,Holo,2,0.35,0.70,8.48,16.96,16.26,2322.9%,https://steamcommunity.com/market/listings/730/Sticker%20%7C%20m0NESY%20(Holo)%20%7C%20Budapest%202025
m0NESY,Normal,13,0.35,4.55,0.07,0.91,-3.64,-80.0%,https://steamcommunity.com/market/listings/730/Sticker%20%7C%20m0NESY%20%7C%20Budapest%202025
Magisk,Normal,6,0.35,2.10,0.03,0.18,-1.92,-91.4%,https://steamcommunity.com/market/listings/730/Sticker%20%7C%20Magisk%20%7C%20Budapest%202025
MAJ3R,Normal,5,0.35,1.75,0.03,0.15,-1.60,-91.4%,https://steamcommunity.com/market/listings/730/Sticker%20%7C%20MAJ3R%20%7C%20Budapest%202025
Maka,Normal,4,0.35,1.40,0.03,0.12,-1.28,-91.4%,https://steamcommunity.com/market/listings/730/Sticker%20%7C%20Maka%20%7C%20Budapest%202025
makazze,Normal,7,0.35,2.45,0.03,0.21,-2.24,-91.4%,https://steamcommunity.com/market/listings/730/Sticker%20%7C%20makazze%20%7C%20Budapest%202025
malbsMd,Normal,8,0.35,2.80,0.03,0.24,-2.56,-91.4%,https://steamcommunity.com/market/listings/730/Sticker%20%7C%20malbsMd%20%7C%20Budapest%202025
Marek,Normal,7,0.35,2.45,0.04,0.28,-2.17,-88.6%,https://steamcommunity.com/market/listings/730/Sticker%20%7C%20Marek%20%7C%20Budapest%202025
MATYS,Embroidered,2,0.35,0.70,0.03,0.06,-0.64,-91.4%,https://steamcommunity.com/market/listings/730/Sticker%20%7C%20MATYS%20(Embroidered)%20%7C%20Budapest%202025
MATYS,Normal,11,0.35,3.85,0.03,0.33,-3.52,-91.4%,https://steamcommunity.com/market/listings/730/Sticker%20%7C%20MATYS%20%7C%20Budapest%202025
Mercury,Embroidered,3,0.35,1.05,0.06,0.18,-0.87,-82.9%,https://steamcommunity.com/market/listings/730/Sticker%20%7C%20Mercury%20(Embroidered)%20%7C%20Budapest%202025
Mercury,Normal,7,0.35,2.45,0.03,0.21,-2.24,-91.4%,https://steamcommunity.com/market/listings/730/Sticker%20%7C%20Mercury%20%7C%20Budapest%202025
mezii,Embroidered,4,0.35,1.40,0.03,0.12,-1.28,-91.4%,https://steamcommunity.com/market/listings/730/Sticker%20%7C%20mezii%20(Embroidered)%20%7C%20Budapest%202025
mezii,Normal,15,0.35,5.25,0.03,0.45,-4.80,-91.4%,https://steamcommunity.com/market/listings/730/Sticker%20%7C%20mezii%20%7C%20Budapest%202025
mezii,Normal (Champion),5,0.35,1.75,0.03,0.15,-1.60,-91.4%,https://steamcommunity.com/market/listings/730/Sticker%20%7C%20mezii%20(Champion)%20%7C%20Budapest%202025
MIBR,Embroidered,2,0.35,0.70,0.03,0.06,-0.64,-91.4%,https://steamcommunity.com/market/listings/730/Sticker%20%7C%20MIBR%20(Embroidered)%20%7C%20Budapest%202025
MIBR,Holo,1,0.35,0.35,3.45,3.45,3.10,885.7%,https://steamcommunity.com/market/listings/730/Sticker%20%7C%20MIBR%20(Holo)%20%7C%20Budapest%202025
MIBR,Normal,3,0.35,1.05,0.03,0.09,-0.96,-91.4%,https://steamcommunity.com/market/listings/730/Sticker%20%7C%20MIBR%20%7C%20Budapest%202025
molodoy,Embroidered,2,0.35,0.70,0.18,0.36,-0.34,-48.6%,https://steamcommunity.com/market/listings/730/Sticker%20%7C%20molodoy%20(Embroidered)%20%7C%20Budapest%202025
molodoy,Normal,14,0.35,4.90,0.03,0.42,-4.48,-91.4%,https://steamcommunity.com/market/listings/730/Sticker%20%7C%20molodoy%20%7C%20Budapest%202025
Moseyuh,Normal,5,0.35,1.75,0.03,0.15,-1.60,-91.4%,https://steamcommunity.com/market/listings/730/Sticker%20%7C%20Moseyuh%20%7C%20Budapest%202025
MOUZ,Embroidered,1,0.35,0.35,0.06,0.06,-0.29,-82.9%,https://steamcommunity.com/market/listings/730/Sticker%20%7C%20MOUZ%20(Embroidered)%20%7C%20Budapest%202025
MOUZ,Normal,1,0.35,0.35,0.03,0.03,-0.32,-91.4%,https://steamcommunity.com/market/listings/730/Sticker%20%7C%20MOUZ%20%7C%20Budapest%202025
mzinho,Embroidered,1,0.35,0.35,0.03,0.03,-0.32,-91.4%,https://steamcommunity.com/market/listings/730/Sticker%20%7C%20mzinho%20(Embroidered)%20%7C%20Budapest%202025
mzinho,Holo,1,0.35,0.35,0.28,0.28,-0.07,-20.0%,https://steamcommunity.com/market/listings/730/Sticker%20%7C%20mzinho%20(Holo)%20%7C%20Budapest%202025
mzinho,Normal,12,0.35,4.20,0.03,0.36,-3.84,-91.4%,https://steamcommunity.com/market/listings/730/Sticker%20%7C%20mzinho%20%7C%20Budapest%202025
n1ssim,Embroidered,1,0.35,0.35,0.04,0.04,-0.31,-88.6%,https://steamcommunity.com/market/listings/730/Sticker%20%7C%20n1ssim%20(Embroidered)%20%7C%20Budapest%202025
n1ssim,Holo,1,0.35,0.35,0.82,0.82,0.47,134.3%,https://steamcommunity.com/market/listings/730/Sticker%20%7C%20n1ssim%20(Holo)%20%7C%20Budapest%202025
n1ssim,Normal,5,0.35,1.75,0.03,0.15,-1.60,-91.4%,https://steamcommunity.com/market/listings/730/Sticker%20%7C%20n1ssim%20%7C%20Budapest%202025
NAF,Embroidered,2,0.35,0.70,0.11,0.22,-0.48,-68.6%,https://steamcommunity.com/market/listings/730/Sticker%20%7C%20NAF%20(Embroidered)%20%7C%20Budapest%202025
NAF,Normal,6,0.35,2.10,0.03,0.18,-1.92,-91.4%,https://steamcommunity.com/market/listings/730/Sticker%20%7C%20NAF%20%7C%20Budapest%202025
Natus Vincere,Normal,1,0.35,0.35,0.03,0.03,-0.32,-91.4%,https://steamcommunity.com/market/listings/730/Sticker%20%7C%20Natus%20Vincere%20%7C%20Budapest%202025
NertZ,Normal,8,0.35,2.80,0.03,0.24,-2.56,-91.4%,https://steamcommunity.com/market/listings/730/Sticker%20%7C%20NertZ%20%7C%20Budapest%202025
nettik,Embroidered,2,0.35,0.70,0.04,0.08,-0.62,-88.6%,https://steamcommunity.com/market/listings/730/Sticker%20%7C%20nettik%20(Embroidered)%20%7C%20Budapest%202025
nettik,Normal,2,0.35,0.70,0.03,0.06,-0.64,-91.4%,https://steamcommunity.com/market/listings/730/Sticker%20%7C%20nettik%20%7C%20Budapest%202025
nicx,Normal,6,0.35,2.10,0.03,0.18,-1.92,-91.4%,https://steamcommunity.com/market/listings/730/Sticker%20%7C%20nicx%20%7C%20Budapest%202025
NiKo,Embroidered,3,0.35,1.05,0.27,0.81,-0.24,-22.9%,https://steamcommunity.com/market/listings/730/Sticker%20%7C%20NiKo%20(Embroidered)%20%7C%20Budapest%202025
NiKo,Normal,16,0.35,5.60,0.06,0.96,-4.64,-82.9%,https://steamcommunity.com/market/listings/730/Sticker%20%7C%20NiKo%20%7C%20Budapest%202025
nin9,Embroidered,1,0.35,0.35,0.50,0.50,0.15,42.9%,https://steamcommunity.com/market/listings/730/Sticker%20%7C%20nin9%20(Embroidered)%20%7C%20Budapest%202025
nin9,Holo,1,0.35,0.35,8.17,8.17,7.82,2234.3%,https://steamcommunity.com/market/listings/730/Sticker%20%7C%20nin9%20(Holo)%20%7C%20Budapest%202025
nin9,Normal,6,0.35,2.10,0.16,0.96,-1.14,-54.3%,https://steamcommunity.com/market/listings/730/Sticker%20%7C%20nin9%20%7C%20Budapest%202025
Ninjas in Pyjamas,Normal,2,0.35,0.70,0.03,0.06,-0.64,-91.4%,https://steamcommunity.com/market/listings/730/Sticker%20%7C%20Ninjas%20in%20Pyjamas%20%7C%20Budapest%202025
nitr0,Embroidered,3,0.35,1.05,0.04,0.12,-0.93,-88.6%,https://steamcommunity.com/market/listings/730/Sticker%20%7C%20nitr0%20(Embroidered)%20%7C%20Budapest%202025
nitr0,Normal,6,0.35,2.10,0.03,0.18,-1.92,-91.4%,https://steamcommunity.com/market/listings/730/Sticker%20%7C%20nitr0%20%7C%20Budapest%202025
nota,Embroidered,1,0.35,0.35,0.07,0.07,-0.28,-80.0%,https://steamcommunity.com/market/listings/730/Sticker%20%7C%20nota%20(Embroidered)%20%7C%20Budapest%202025
nota,Normal,8,0.35,2.80,0.03,0.24,-2.56,-91.4%,https://steamcommunity.com/market/listings/730/Sticker%20%7C%20nota%20%7C%20Budapest%202025
noway,Embroidered,1,0.35,0.35,0.05,0.05,-0.30,-85.7%,https://steamcommunity.com/market/listings/730/Sticker%20%7C%20noway%20(Embroidered)%20%7C%20Budapest%202025
noway,Normal,9,0.35,3.15,0.03,0.27,-2.88,-91.4%,https://steamcommunity.com/market/listings/730/Sticker%20%7C%20noway%20%7C%20Budapest%202025
npl,Embroidered,3,0.35,1.05,0.03,0.09,-0.96,-91.4%,https://steamcommunity.com/market/listings/730/Sticker%20%7C%20npl%20(Embroidered)%20%7C%20Budapest%202025
npl,Normal,4,0.35,1.40,0.03,0.12,-1.28,-91.4%,https://steamcommunity.com/market/listings/730/Sticker%20%7C%20npl%20%7C%20Budapest%202025
NQZ,Embroidered,1,0.35,0.35,0.03,0.03,-0.32,-91.4%,https://steamcommunity.com/market/listings/730/Sticker%20%7C%20NQZ%20(Embroidered)%20%7C%20Budapest%202025
NQZ,Normal,8,0.35,2.80,0.03,0.24,-2.56,-91.4%,https://steamcommunity.com/market/listings/730/Sticker%20%7C%20NQZ%20%7C%20Budapest%202025
NRG,Normal,1,0.35,0.35,0.03,0.03,-0.32,-91.4%,https://steamcommunity.com/market/listings/730/Sticker%20%7C%20NRG%20%7C%20Budapest%202025
paiN Gaming,Normal,7,0.35,2.45,0.03,0.21,-2.24,-91.4%,https://steamcommunity.com/market/listings/730/Sticker%20%7C%20paiN%20Gaming%20%7C%20Budapest%202025
Passion UA,Embroidered,2,0.35,0.70,0.04,0.08,-0.62,-88.6%,https://steamcommunity.com/market/listings/730/Sticker%20%7C%20Passion%20UA%20(Embroidered)%20%7C%20Budapest%202025
Passion UA,Normal,2,0.35,0.70,0.03,0.06,-0.64,-91.4%,https://steamcommunity.com/market/listings/730/Sticker%20%7C%20Passion%20UA%20%7C%20Budapest%202025
PR,Embroidered,1,0.35,0.35,0.05,0.05,-0.30,-85.7%,https://steamcommunity.com/market/listings/730/Sticker%20%7C%20PR%20(Embroidered)%20%7C%20Budapest%202025
PR,Normal,8,0.35,2.80,0.03,0.24,-2.56,-91.4%,https://steamcommunity.com/market/listings/730/Sticker%20%7C%20PR%20%7C%20Budapest%202025
qikert,Normal,6,0.35,2.10,0.03,0.18,-1.92,-91.4%,https://steamcommunity.com/market/listings/730/Sticker%20%7C%20qikert%20%7C%20Budapest%202025
r1nkle,Embroidered,1,0.35,0.35,0.03,0.03,-0.32,-91.4%,https://steamcommunity.com/market/listings/730/Sticker%20%7C%20r1nkle%20(Embroidered)%20%7C%20Budapest%202025
r1nkle,Normal,10,0.35,3.50,0.03,0.30,-3.20,-91.4%,https://steamcommunity.com/market/listings/730/Sticker%20%7C%20r1nkle%20%7C%20Budapest%202025
rain,Embroidered,1,0.35,0.35,0.15,0.15,-0.20,-57.1%,https://steamcommunity.com/market/listings/730/Sticker%20%7C%20rain%20(Embroidered)%20%7C%20Budapest%202025
rain,Holo,1,0.35,0.35,4.00,4.00,3.65,1042.9%,https://steamcommunity.com/market/listings/730/Sticker%20%7C%20rain%20(Holo)%20%7C%20Budapest%202025
rain,Normal,3,0.35,1.05,0.03,0.09,-0.96,-91.4%,https://steamcommunity.com/market/listings/730/Sticker%20%7C%20rain%20%7C%20Budapest%202025
Rare Atom,Normal,2,0.35,0.70,0.03,0.06,-0.64,-91.4%,https://steamcommunity.com/market/listings/730/Sticker%20%7C%20Rare%20Atom%20%7C%20Budapest%202025
RED Canids,Normal,1,0.35,0.35,0.03,0.03,-0.32,-91.4%,https://steamcommunity.com/market/listings/730/Sticker%20%7C%20RED%20Canids%20%7C%20Budapest%202025
regali,Holo,1,0.35,0.35,0.66,0.66,0.31,88.6%,https://steamcommunity.com/market/listings/730/Sticker%20%7C%20regali%20(Holo)%20%7C%20Budapest%202025
regali,Normal,8,0.35,2.80,0.03,0.24,-2.56,-91.4%,https://steamcommunity.com/market/listings/730/Sticker%20%7C%20regali%20%7C%20Budapest%202025
REZ,Normal,6,0.35,2.10,0.03,0.18,-1.92,-91.4%,https://steamcommunity.com/market/listings/730/Sticker%20%7C%20REZ%20%7C%20Budapest%202025
ropz,Embroidered,3,0.35,1.05,0.06,0.18,-0.87,-82.9%,https://steamcommunity.com/market/listings/730/Sticker%20%7C%20ropz%20(Embroidered)%20%7C%20Budapest%202025
ropz,Embroidered (Champion),1,0.35,0.35,0.05,0.05,-0.30,-85.7%,https://steamcommunity.com/market/listings/730/Sticker%20%7C%20ropz%20(Embroidered%2C%20Champion)%20%7C%20Budapest%202025
ropz,Holo (Champion),1,0.35,0.35,0.66,0.66,0.31,88.6%,https://steamcommunity.com/market/listings/730/Sticker%20%7C%20ropz%20(Holo%2C%20Champion)%20%7C%20Budapest%202025
ropz,Normal,14,0.35,4.90,0.03,0.42,-4.48,-91.4%,https://steamcommunity.com/market/listings/730/Sticker%20%7C%20ropz%20%7C%20Budapest%202025
ropz,Normal (Champion),4,0.35,1.40,0.03,0.12,-1.28,-91.4%,https://steamcommunity.com/market/listings/730/Sticker%20%7C%20ropz%20(Champion)%20%7C%20Budapest%202025
s1n,Embroidered,1,0.35,0.35,0.04,0.04,-0.31,-88.6%,https://steamcommunity.com/market/listings/730/Sticker%20%7C%20s1n%20(Embroidered)%20%7C%20Budapest%202025
s1n,Normal,8,0.35,2.80,0.03,0.24,-2.56,-91.4%,https://steamcommunity.com/market/listings/730/Sticker%20%7C%20s1n%20%7C%20Budapest%202025
saadzin,Normal,7,0.35,2.45,0.03,0.21,-2.24,-91.4%,https://steamcommunity.com/market/listings/730/Sticker%20%7C%20saadzin%20%7C%20Budapest%202025
Senzu,Embroidered,5,0.35,1.75,0.03,0.15,-1.60,-91.4%,https://steamcommunity.com/market/listings/730/Sticker%20%7C%20Senzu%20(Embroidered)%20%7C%20Budapest%202025
Senzu,Holo,2,0.35,0.70,0.83,1.66,0.96,137.1%,https://steamcommunity.com/market/listings/730/Sticker%20%7C%20Senzu%20(Holo)%20%7C%20Budapest%202025
Senzu,Normal,14,0.35,4.90,0.03,0.42,-4.48,-91.4%,https://steamcommunity.com/market/listings/730/Sticker%20%7C%20Senzu%20%7C%20Budapest%202025
sh1ro,Embroidered,3,0.35,1.05,0.04,0.12,-0.93,-88.6%,https://steamcommunity.com/market/listings/730/Sticker%20%7C%20sh1ro%20(Embroidered)%20%7C%20Budapest%202025
sh1ro,Holo,1,0.35,0.35,0.73,0.73,0.38,108.6%,https://steamcommunity.com/market/listings/730/Sticker%20%7C%20sh1ro%20(Holo)%20%7C%20Budapest%202025
sh1ro,Normal,14,0.35,4.90,0.03,0.42,-4.48,-91.4%,https://steamcommunity.com/market/listings/730/Sticker%20%7C%20sh1ro%20%7C%20Budapest%202025
siuhy,Embroidered,2,0.35,0.70,0.04,0.08,-0.62,-88.6%,https://steamcommunity.com/market/listings/730/Sticker%20%7C%20siuhy%20(Embroidered)%20%7C%20Budapest%202025
siuhy,Normal,5,0.35,1.75,0.03,0.15,-1.60,-91.4%,https://steamcommunity.com/market/listings/730/Sticker%20%7C%20siuhy%20%7C%20Budapest%202025
sjuush,Embroidered,1,0.35,0.35,0.05,0.05,-0.30,-85.7%,https://steamcommunity.com/market/listings/730/Sticker%20%7C%20sjuush%20(Embroidered)%20%7C%20Budapest%202025
sjuush,Normal,8,0.35,2.80,0.03,0.24,-2.56,-91.4%,https://steamcommunity.com/market/listings/730/Sticker%20%7C%20sjuush%20%7C%20Budapest%202025
sk0R,Embroidered,1,0.35,0.35,0.05,0.05,-0.30,-85.7%,https://steamcommunity.com/market/listings/730/Sticker%20%7C%20sk0R%20(Embroidered)%20%7C%20Budapest%202025
sk0R,Holo,1,0.35,0.35,1.34,1.34,0.99,282.9%,https://steamcommunity.com/market/listings/730/Sticker%20%7C%20sk0R%20(Holo)%20%7C%20Budapest%202025
sk0R,Normal,10,0.35,3.50,0.03,0.30,-3.20,-91.4%,https://steamcommunity.com/market/listings/730/Sticker%20%7C%20sk0R%20%7C%20Budapest%202025
skullz,Embroidered,2,0.35,0.70,0.04,0.08,-0.62,-88.6%,https://steamcommunity.com/market/listings/730/Sticker%20%7C%20skullz%20(Embroidered)%20%7C%20Budapest%202025
skullz,Normal,5,0.35,1.75,0.03,0.15,-1.60,-91.4%,https://steamcommunity.com/market/listings/730/Sticker%20%7C%20skullz%20%7C%20Budapest%202025
slaxz-,Embroidered,1,0.35,0.35,0.03,0.03,-0.32,-91.4%,https://steamcommunity.com/market/listings/730/Sticker%20%7C%20slaxz-%20(Embroidered)%20%7C%20Budapest%202025
slaxz-,Normal,6,0.35,2.10,0.03,0.18,-1.92,-91.4%,https://steamcommunity.com/market/listings/730/Sticker%20%7C%20slaxz-%20%7C%20Budapest%202025
Snappi,Normal,4,0.35,1.40,0.03,0.12,-1.28,-91.4%,https://steamcommunity.com/market/listings/730/Sticker%20%7C%20Snappi%20%7C%20Budapest%202025
snow,Embroidered,4,0.35,1.40,0.03,0.12,-1.28,-91.4%,https://steamcommunity.com/market/listings/730/Sticker%20%7C%20snow%20(Embroidered)%20%7C%20Budapest%202025
snow,Gold,1,0.35,0.35,1.58,1.58,1.23,351.4%,https://steamcommunity.com/market/listings/730/Sticker%20%7C%20snow%20(Gold)%20%7C%20Budapest%202025
snow,Normal,17,0.35,5.95,0.03,0.51,-5.44,-91.4%,https://steamcommunity.com/market/listings/730/Sticker%20%7C%20snow%20%7C%20Budapest%202025
Sonic,Embroidered,1,0.35,0.35,0.05,0.05,-0.30,-85.7%,https://steamcommunity.com/market/listings/730/Sticker%20%7C%20Sonic%20(Embroidered)%20%7C%20Budapest%202025
Sonic,Normal,7,0.35,2.45,0.03,0.21,-2.24,-91.4%,https://steamcommunity.com/market/listings/730/Sticker%20%7C%20Sonic%20%7C%20Budapest%202025
Spinx,Embroidered,4,0.35,1.40,0.04,0.16,-1.24,-88.6%,https://steamcommunity.com/market/listings/730/Sticker%20%7C%20Spinx%20(Embroidered)%20%7C%20Budapest%202025
Spinx,Normal,10,0.35,3.50,0.03,0.30,-3.20,-91.4%,https://steamcommunity.com/market/listings/730/Sticker%20%7C%20Spinx%20%7C%20Budapest%202025
Staehr,Embroidered,1,0.35,0.35,0.05,0.05,-0.30,-85.7%,https://steamcommunity.com/market/listings/730/Sticker%20%7C%20Staehr%20(Embroidered)%20%7C%20Budapest%202025
Staehr,Normal,6,0.35,2.10,0.03,0.18,-1.92,-91.4%,https://steamcommunity.com/market/listings/730/Sticker%20%7C%20Staehr%20%7C%20Budapest%202025
StarLadder,Embroidered,2,0.35,0.70,0.03,0.06,-0.64,-91.4%,https://steamcommunity.com/market/listings/730/Sticker%20%7C%20StarLadder%20(Embroidered)%20%7C%20Budapest%202025
StarLadder,Normal,1,0.35,0.35,0.03,0.03,-0.32,-91.4%,https://steamcommunity.com/market/listings/730/Sticker%20%7C%20StarLadder%20%7C%20Budapest%202025
Starry,Holo,1,0.35,0.35,6.00,6.00,5.65,1614.3%,https://steamcommunity.com/market/listings/730/Sticker%20%7C%20Starry%20(Holo)%20%7C%20Budapest%202025
Starry,Normal,7,0.35,2.45,0.05,0.35,-2.10,-85.7%,https://steamcommunity.com/market/listings/730/Sticker%20%7C%20Starry%20%7C%20Budapest%202025
Summer,Embroidered,2,0.35,0.70,0.07,0.14,-0.56,-80.0%,https://steamcommunity.com/market/listings/730/Sticker%20%7C%20Summer%20(Embroidered)%20%7C%20Budapest%202025
Summer,Normal,3,0.35,1.05,0.05,0.15,-0.90,-85.7%,https://steamcommunity.com/market/listings/730/Sticker%20%7C%20Summer%20%7C%20Budapest%202025
SunPayus,Embroidered,2,0.35,0.70,0.04,0.08,-0.62,-88.6%,https://steamcommunity.com/market/listings/730/Sticker%20%7C%20SunPayus%20(Embroidered)%20%7C%20Budapest%202025
SunPayus,Normal,12,0.35,4.20,0.03,0.36,-3.84,-91.4%,https://steamcommunity.com/market/listings/730/Sticker%20%7C%20SunPayus%20%7C%20Budapest%202025
Swisher,Embroidered,2,0.35,0.70,0.06,0.12,-0.58,-82.9%,https://steamcommunity.com/market/listings/730/Sticker%20%7C%20Swisher%20(Embroidered)%20%7C%20Budapest%202025
Swisher,Normal,7,0.35,2.45,0.03,0.21,-2.24,-91.4%,https://steamcommunity.com/market/listings/730/Sticker%20%7C%20Swisher%20%7C%20Budapest%202025
Tauson,Embroidered,2,0.35,0.70,0.04,0.08,-0.62,-88.6%,https://steamcommunity.com/market/listings/730/Sticker%20%7C%20Tauson%20(Embroidered)%20%7C%20Budapest%202025
Tauson,Holo,1,0.35,0.35,0.96,0.96,0.61,174.3%,https://steamcommunity.com/market/listings/730/Sticker%20%7C%20Tauson%20(Holo)%20%7C%20Budapest%202025
Tauson,Normal,10,0.35,3.50,0.03,0.30,-3.20,-91.4%,https://steamcommunity.com/market/listings/730/Sticker%20%7C%20Tauson%20%7C%20Budapest%202025
Team Liquid,Normal,1,0.35,0.35,0.03,0.03,-0.32,-91.4%,https://steamcommunity.com/market/listings/730/Sticker%20%7C%20Team%20Liquid%20%7C%20Budapest%202025
Team Spirit,Embroidered,1,0.35,0.35,0.08,0.08,-0.27,-77.1%,https://steamcommunity.com/market/listings/730/Sticker%20%7C%20Team%20Spirit%20(Embroidered)%20%7C%20Budapest%202025
Team Spirit,Normal,3,0.35,1.05,0.03,0.09,-0.96,-91.4%,https://steamcommunity.com/market/listings/730/Sticker%20%7C%20Team%20Spirit%20%7C%20Budapest%202025
Techno4K,Embroidered,3,0.35,1.05,0.04,0.12,-0.93,-88.6%,https://steamcommunity.com/market/listings/730/Sticker%20%7C%20Techno4K%20(Embroidered)%20%7C%20Budapest%202025
Techno4K,Normal,13,0.35,4.55,0.03,0.39,-4.16,-91.4%,https://steamcommunity.com/market/listings/730/Sticker%20%7C%20Techno4K%20%7C%20Budapest%202025
TeSeS,Embroidered,5,0.35,1.75,0.03,0.15,-1.60,-91.4%,https://steamcommunity.com/market/listings/730/Sticker%20%7C%20TeSeS%20(Embroidered)%20%7C%20Budapest%202025
TeSeS,Holo,2,0.35,0.70,1.65,3.30,2.60,371.4%,https://steamcommunity.com/market/listings/730/Sticker%20%7C%20TeSeS%20(Holo)%20%7C%20Budapest%202025
TeSeS,Normal,15,0.35,5.25,0.03,0.45,-4.80,-91.4%,https://steamcommunity.com/market/listings/730/Sticker%20%7C%20TeSeS%20%7C%20Budapest%202025
The Huns,Normal,1,0.35,0.35,0.03,0.03,-0.32,-91.4%,https://steamcommunity.com/market/listings/730/Sticker%20%7C%20The%20Huns%20%7C%20Budapest%202025
The Mongolz,Normal,5,0.35,1.75,0.03,0.15,-1.60,-91.4%,https://steamcommunity.com/market/listings/730/Sticker%20%7C%20The%20Mongolz%20%7C%20Budapest%202025
Tiger,Embroidered,1,0.35,0.35,0.06,0.06,-0.29,-82.9%,https://steamcommunity.com/market/listings/730/Sticker%20%7C%20Tiger%20(Embroidered)%20%7C%20Budapest%202025
Tiger,Normal,6,0.35,2.10,0.04,0.24,-1.86,-88.6%,https://steamcommunity.com/market/listings/730/Sticker%20%7C%20Tiger%20%7C%20Budapest%202025
torzsi,Embroidered,3,0.35,1.05,0.04,0.12,-0.93,-88.6%,https://steamcommunity.com/market/listings/730/Sticker%20%7C%20torzsi%20(Embroidered)%20%7C%20Budapest%202025
torzsi,Normal,8,0.35,2.80,0.03,0.24,-2.56,-91.4%,https://steamcommunity.com/market/listings/730/Sticker%20%7C%20torzsi%20%7C%20Budapest%202025
TRY,Embroidered,3,0.35,1.05,0.05,0.15,-0.90,-85.7%,https://steamcommunity.com/market/listings/730/Sticker%20%7C%20TRY%20(Embroidered)%20%7C%20Budapest%202025
TRY,Normal,4,0.35,1.40,0.03,0.12,-1.28,-91.4%,https://steamcommunity.com/market/listings/730/Sticker%20%7C%20TRY%20%7C%20Budapest%202025
TYLOO,Embroidered,1,0.35,0.35,0.17,0.17,-0.18,-51.4%,https://steamcommunity.com/market/listings/730/Sticker%20%7C%20TYLOO%20(Embroidered)%20%7C%20Budapest%202025
TYLOO,Normal,1,0.35,0.35,0.04,0.04,-0.31,-88.6%,https://steamcommunity.com/market/listings/730/Sticker%20%7C%20TYLOO%20%7C%20Budapest%202025
ultimate,Normal,7,0.35,2.45,0.03,0.21,-2.24,-91.4%,https://steamcommunity.com/market/listings/730/Sticker%20%7C%20ultimate%20%7C%20Budapest%202025
venomzera,Embroidered,3,0.35,1.05,0.05,0.15,-0.90,-85.7%,https://steamcommunity.com/market/listings/730/Sticker%20%7C%20venomzera%20(Embroidered)%20%7C%20Budapest%202025
venomzera,Normal,7,0.35,2.45,0.03,0.21,-2.24,-91.4%,https://steamcommunity.com/market/listings/730/Sticker%20%7C%20venomzera%20%7C%20Budapest%202025
vexite,Normal,3,0.35,1.05,0.03,0.09,-0.96,-91.4%,https://steamcommunity.com/market/listings/730/Sticker%20%7C%20vexite%20%7C%20Budapest%202025
VINI,Normal,6,0.35,2.10,0.03,0.18,-1.92,-91.4%,https://steamcommunity.com/market/listings/730/Sticker%20%7C%20VINI%20%7C%20Budapest%202025
Vitality,Embroidered,1,0.35,0.35,0.06,0.06,-0.29,-82.9%,https://steamcommunity.com/market/listings/730/Sticker%20%7C%20Vitality%20(Embroidered)%20%7C%20Budapest%202025
Vitality,Normal,1,0.35,0.35,0.03,0.03,-0.32,-91.4%,https://steamcommunity.com/market/listings/730/Sticker%20%7C%20Vitality%20%7C%20Budapest%202025
w0nderful,Embroidered,3,0.35,1.05,0.05,0.15,-0.90,-85.7%,https://steamcommunity.com/market/listings/730/Sticker%20%7C%20w0nderful%20(Embroidered)%20%7C%20Budapest%202025
w0nderful,Normal,9,0.35,3.15,0.03,0.27,-2.88,-91.4%,https://steamcommunity.com/market/listings/730/Sticker%20%7C%20w0nderful%20%7C%20Budapest%202025
westmelon,Embroidered,1,0.35,0.35,0.04,0.04,-0.31,-88.6%,https://steamcommunity.com/market/listings/730/Sticker%20%7C%20westmelon%20(Embroidered)%20%7C%20Budapest%202025
westmelon,Holo,1,0.35,0.35,1.00,1.00,0.65,185.7%,https://steamcommunity.com/market/listings/730/Sticker%20%7C%20westmelon%20(Holo)%20%7C%20Budapest%202025
westmelon,Normal,6,0.35,2.10,0.03,0.18,-1.92,-91.4%,https://steamcommunity.com/market/listings/730/Sticker%20%7C%20westmelon%20%7C%20Budapest%202025
Wicadia,Embroidered,1,0.35,0.35,0.05,0.05,-0.30,-85.7%,https://steamcommunity.com/market/listings/730/Sticker%20%7C%20Wicadia%20(Embroidered)%20%7C%20Budapest%202025
Wicadia,Normal,8,0.35,2.80,0.04,0.32,-2.48,-88.6%,https://steamcommunity.com/market/listings/730/Sticker%20%7C%20Wicadia%20%7C%20Budapest%202025
woxic,Embroidered,2,0.35,0.70,0.05,0.10,-0.60,-85.7%,https://steamcommunity.com/market/listings/730/Sticker%20%7C%20woxic%20(Embroidered)%20%7C%20Budapest%202025
woxic,Holo,1,0.35,0.35,1.11,1.11,0.76,217.1%,https://steamcommunity.com/market/listings/730/Sticker%20%7C%20woxic%20(Holo)%20%7C%20Budapest%202025
woxic,Normal,5,0.35,1.75,0.04,0.20,-1.55,-88.6%,https://steamcommunity.com/market/listings/730/Sticker%20%7C%20woxic%20%7C%20Budapest%202025
XANTARES,Normal,7,0.35,2.45,0.09,0.63,-1.82,-74.3%,https://steamcommunity.com/market/listings/730/Sticker%20%7C%20XANTARES%20%7C%20Budapest%202025
xerolte,Embroidered,3,0.35,1.05,0.05,0.15,-0.90,-85.7%,https://steamcommunity.com/market/listings/730/Sticker%20%7C%20xerolte%20(Embroidered)%20%7C%20Budapest%202025
xerolte,Holo,1,0.35,0.35,0.66,0.66,0.31,88.6%,https://steamcommunity.com/market/listings/730/Sticker%20%7C%20xerolte%20(Holo)%20%7C%20Budapest%202025
xerolte,Normal,5,0.35,1.75,0.03,0.15,-1.60,-91.4%,https://steamcommunity.com/market/listings/730/Sticker%20%7C%20xerolte%20%7C%20Budapest%202025
xertioN,Embroidered,6,0.35,2.10,0.04,0.24,-1.86,-88.6%,https://steamcommunity.com/market/listings/730/Sticker%20%7C%20xertioN%20(Embroidered)%20%7C%20Budapest%202025
xertioN,Gold,1,0.35,0.35,1.21,1.21,0.86,245.7%,https://steamcommunity.com/market/listings/730/Sticker%20%7C%20xertioN%20(Gold)%20%7C%20Budapest%202025
xertioN,Holo,1,0.35,0.35,0.32,0.32,-0.03,-8.6%,https://steamcommunity.com/market/listings/730/Sticker%20%7C%20xertioN%20(Holo)%20%7C%20Budapest%202025
xertioN,Normal,10,0.35,3.50,0.03,0.30,-3.20,-91.4%,https://steamcommunity.com/market/listings/730/Sticker%20%7C%20xertioN%20%7C%20Budapest%202025
xiELO,Normal,7,0.35,2.45,0.03,0.21,-2.24,-91.4%,https://steamcommunity.com/market/listings/730/Sticker%20%7C%20xiELO%20%7C%20Budapest%202025
xKacpersky,Embroidered,3,0.35,1.05,0.08,0.24,-0.81,-77.1%,https://steamcommunity.com/market/listings/730/Sticker%20%7C%20xKacpersky%20(Embroidered)%20%7C%20Budapest%202025
xKacpersky,Normal,7,0.35,2.45,0.03,0.21,-2.24,-91.4%,https://steamcommunity.com/market/listings/730/Sticker%20%7C%20xKacpersky%20%7C%20Budapest%202025
XotiC,Embroidered,1,0.35,0.35,0.05,0.05,-0.30,-85.7%,https://steamcommunity.com/market/listings/730/Sticker%20%7C%20XotiC%20(Embroidered)%20%7C%20Budapest%202025
XotiC,Holo,1,0.35,0.35,1.30,1.30,0.95,271.4%,https://steamcommunity.com/market/listings/730/Sticker%20%7C%20XotiC%20(Holo)%20%7C%20Budapest%202025
XotiC,Normal,10,0.35,3.50,0.03,0.30,-3.20,-91.4%,https://steamcommunity.com/market/listings/730/Sticker%20%7C%20XotiC%20%7C%20Budapest%202025
YEKINDAR,Embroidered,6,0.35,2.10,0.04,0.24,-1.86,-88.6%,https://steamcommunity.com/market/listings/730/Sticker%20%7C%20YEKINDAR%20(Embroidered)%20%7C%20Budapest%202025
YEKINDAR,Normal,10,0.35,3.50,0.03,0.30,-3.20,-91.4%,https://steamcommunity.com/market/listings/730/Sticker%20%7C%20YEKINDAR%20%7C%20Budapest%202025
yuurih,Embroidered,1,0.35,0.35,0.03,0.03,-0.32,-91.4%,https://steamcommunity.com/market/listings/730/Sticker%20%7C%20yuurih%20(Embroidered)%20%7C%20Budapest%202025
yuurih,Normal,11,0.35,3.85,0.03,0.33,-3.52,-91.4%,https://steamcommunity.com/market/listings/730/Sticker%20%7C%20yuurih%20%7C%20Budapest%202025
z4KR,Embroidered,2,0.35,0.70,0.07,0.14,-0.56,-80.0%,https://steamcommunity.com/market/listings/730/Sticker%20%7C%20z4KR%20(Embroidered)%20%7C%20Budapest%202025
z4KR,Normal,8,0.35,2.80,0.03,0.24,-2.56,-91.4%,https://steamcommunity.com/market/listings/730/Sticker%20%7C%20z4KR%20%7C%20Budapest%202025
zevy,Embroidered,1,0.35,0.35,0.05,0.05,-0.30,-85.7%,https://steamcommunity.com/market/listings/730/Sticker%20%7C%20zevy%20(Embroidered)%20%7C%20Budapest%202025
zevy,Normal,3,0.35,1.05,0.03,0.09,-0.96,-91.4%,https://steamcommunity.com/market/listings/730/Sticker%20%7C%20zevy%20%7C%20Budapest%202025
zont1x,Normal,15,0.35,5.25,0.03,0.45,-4.80,-91.4%,https://steamcommunity.com/market/listings/730/Sticker%20%7C%20zont1x%20%7C%20Budapest%202025
ztr,Embroidered,4,0.35,1.40,0.04,0.16,-1.24,-88.6%,https://steamcommunity.com/market/listings/730/Sticker%20%7C%20ztr%20(Embroidered)%20%7C%20Budapest%202025
ztr,Normal,9,0.35,3.15,0.03,0.27,-2.88,-91.4%,https://steamcommunity.com/market/listings/730/Sticker%20%7C%20ztr%20%7C%20Budapest%202025
zweih,Embroidered,3,0.35,1.05,0.04,0.12,-0.93,-88.6%,https://steamcommunity.com/market/listings/730/Sticker%20%7C%20zweih%20(Embroidered)%20%7C%20Budapest%202025
zweih,Normal,13,0.35,4.55,0.03,0.39,-4.16,-91.4%,https://steamcommunity.com/market/listings/730/Sticker%20%7C%20zweih%20%7C%20Budapest%202025
ZywOo,Embroidered,6,0.35,2.10,0.06,0.36,-1.74,-82.9%,https://steamcommunity.com/market/listings/730/Sticker%20%7C%20ZywOo%20(Embroidered)%20%7C%20Budapest%202025
ZywOo,Embroidered (Champion),1,0.35,0.35,0.05,0.05,-0.30,-85.7%,https://steamcommunity.com/market/listings/730/Sticker%20%7C%20ZywOo%20(Embroidered%2C%20Champion)%20%7C%20Budapest%202025
ZywOo,Normal,9,0.35,3.15,0.03,0.27,-2.88,-91.4%,https://steamcommunity.com/market/listings/730/Sticker%20%7C%20ZywOo%20%7C%20Budapest%202025
ZywOo,Normal (Champion),6,0.35,2.10,0.03,0.18,-1.92,-91.4%,https://steamcommunity.com/market/listings/730/Sticker%20%7C%20ZywOo%20(Champion)%20%7C%20Budapest%202025
Legends,Capsule,20,0.35,7.00,0.29,5.80,-1.20,-17.1%,https://steamcommunity.com/market/listings/730/Budapest%202025%20Legends%20Sticker%20Capsule
Challengers,Capsule,20,0.35,7.00,0.30,6.00,-1.00,-14.3%,https://steamcommunity.com/market/listings/730/Budapest%202025%20Challengers%20Sticker%20Capsule
Contenders,Capsule,20,0.35,7.00,0.29,5.80,-1.20,-17.1%,https://steamcommunity.com/market/listings/730/Budapest%202025%20Contenders%20Sticker%20Capsule

TOTAL,,1642,,574.70,,311.72,-262.98,-45.8%,
